Entrada: ba, Resultado Esperado: 1, Resultado Obtido: True, Tempo de Processamento: 0.000026 segundos
Entrada: aaaabbbbbaaaaa, Resultado Esperado: 1, Resultado Obtido: True, Tempo de Processamento: 0.000027 segundos
Entrada: abababab, Resultado Esperado: 0, Resultado Obtido: False, Tempo de Processamento: 0.000009 segundos
Entrada: bbbbbbbb, Resultado Esperado: 0, Resultado Obtido: False, Tempo de Processamento: 0.000015 segundos
Entrada: aaaaaaaaaaaa, Resultado Esperado: 0, Resultado Obtido: False, Tempo de Processamento: 0.000012 segundos
Entrada: aaaaabaaaaa, Resultado Esperado: 1, Resultado Obtido: True, Tempo de Processamento: 0.000015 segundos
