Entrada: ba, Resultado Esperado: 1, Resultado Obtido: True, Tempo de Processamento: 0.000006 segundos
Entrada: aaaabbbbbaaaaa, Resultado Esperado: 1, Resultado Obtido: False, Tempo de Processamento: 0.000007 segundos
Entrada: abababab, Resultado Esperado: 0, Resultado Obtido: False, Tempo de Processamento: 0.000003 segundos
Entrada: bbbbbbbb, Resultado Esperado: 0, Resultado Obtido: False, Tempo de Processamento: 0.000006 segundos
Entrada: aaaaaaaaaaaa, Resultado Esperado: 0, Resultado Obtido: True, Tempo de Processamento: 0.000008 segundos
Entrada: aaaaabaaaaa, Resultado Esperado: 1, Resultado Obtido: True, Tempo de Processamento: 0.000008 segundos
